Model,Train_RMSE,Test_RMSE,Train_MAE,Test_MAE,Train_R2,Test_R2
Simple_ANN,11.290036301207929,13.633241590508698,8.894032946116196,11.306932033946113,0.9806108162830863,0.9624645843505089
Deep_ANN,374.0114154218283,374.65327285614217,373.8110035172693,374.3683160984064,-20.278380200445923,-27.346668799466652
Wide_Deep,24.134515701042744,25.099529404993838,16.18515510055096,18.097296271422923,0.9113974898436499,0.8727745119203568
Ridge_Regression,9.790767485026008,10.46088817297458,7.720888043667137,8.538493789783244,0.9854184959492122,0.9779006201439837
