Model,Train_RMSE,Test_RMSE,Train_MAE,Test_MAE,Train_R2,Test_R2
Simple_ANN,265.49231554049993,265.00536240678207,265.2660007498256,264.7429352056529,-9.721924867591225,-13.182483659792133
Deep_ANN,375.8836100342301,377.39969012459255,375.65118011093057,377.1154120027567,-20.491940397462862,-27.76378582378208
Wide_Deep,66.65500757870565,58.76943450948381,30.72865109142619,29.169443809560963,0.3241747506425754,0.30249714179608267
Ridge_Regression,9.790767485026008,10.46088817297458,7.720888043667137,8.538493789783244,0.9854184959492122,0.9779006201439837
